img_src,name,price_list,shop_list
https://s.ek.ua/jpg/1822228.jpg,VNC Expance 27.5,"10800,9576,10800,11970,12874,13353,11970","АЛЛО,Lisoped.ua,Beskydy.com.ua,АЛЛО,АЛЛО,АЛЛО,АЛЛО"
https://s.ek.ua/jpg/2418488.jpg,Leon Matterhorn 500W 29,"57927,57927,57927,57927,53075,60897,52134","Kvshop.com.ua,VeloGO.com.ua,Stylus.ua,Цифра,Enko.com.ua,Touch,Dinastiya.com.ua"
https://s.ek.ua/jpg/2399806.jpg,Formula Heavy Duty AM DD 29,"11249,11250,11250,11250,10685,11250,10688","Kvshop.com.ua,Stylus.ua,Цифра,АЛЛО,Enko.com.ua,Lisoped.ua,Q-techno.com.ua"
https://s.ek.ua/jpg/2434355.jpg,Author Solution 29,"29156,29156,30420","Velomarket.org.ua,Velotime.com.ua,Lisoped.ua"
https://s.ek.ua/jpg/2450784.jpg,Ancheer A1 250 W,25990,Ecodrive.in.ua
https://s.ek.ua/jpg/1856416.jpg,LikeBike Loon,"28999,28999,28999,28999,28999,28999","Ctrs.com.ua,Zhuk.ua,Setevuha.ua,Ctrs.com.ua,Zhuk.ua,Setevuha.ua"
https://s.ek.ua/jpg/1762899.jpg,Ardis Titan 29 frame 19.5,13066,Groosha.ua
https://s.ek.ua/jpg/1749160.jpg,Discovery Prestige Man 26,"8242,8242,8242,8242,8242,7418,7857","Kvshop.com.ua,Stylus.ua,Цифра,АЛЛО,Lisoped.ua,Dinastiya.com.ua,Q-techno.com.ua"
https://s.ek.ua/jpg/2243702.jpg,Formula Paladin DD 24,"9126,9126,9126,9126,8954,9126,8496","Kvshop.com.ua,VeloGO.com.ua,Stylus.ua,Цифра,Tviy-Dim.com,Lisoped.ua,Enko.com.ua"
https://s.ek.ua/jpg/2418447.jpg,Dorozhnik Onyx PH,"14277,14277,14277,14277,14277,14277,13514","Kvshop.com.ua,VeloGO.com.ua,Stylus.ua,Цифра,АЛЛО,Lisoped.ua,Enko.com.ua"
https://s.ek.ua/jpg/2441587.jpg,ORBEA Onna 20,"42571,47109,47109,42571,42571,42571,47109","VeloGO.com.ua,Stylus.ua,Цифра,Zhuk.ua,VeloGO.com.ua,VeloGO.com.ua,Stylus.ua"
https://s.ek.ua/jpg/2447412.jpg,ENGWE M20 1000W,"48990,48990,48990,48990,48990,48990","Stylus.ua,Цифра,Ecodrive.in.ua,Stylus.ua,Цифра,Ecodrive.in.ua"
https://s.ek.ua/jpg/1375031.jpg,Maxxter City,"30669,31999,29499,31999,31999,31999","Touch,FOXTROT.UA,COMFY.ua,Setevuha.ua,FOXTROT.UA,Setevuha.ua"
https://s.ek.ua/jpg/2193086.jpg,Formula Zephyr 3.0 AM DD 29,"11297,11297,11297,11297,11297,11297,11297","VeloGO.com.ua,Stylus.ua,Цифра,АЛЛО,Lisoped.ua,Orbitreki.com.ua,Zhuk.ua"
https://s.ek.ua/jpg/2444321.jpg,Pride Sprocket 8.1,"19800,19800","VeloGO.com.ua,Lisoped.ua"
https://s.ek.ua/jpg/1876571.jpg,ORBEA MX 50 27.5,"23108,28577,28577,23108,23108,23108,23108","VeloGO.com.ua,Stylus.ua,Цифра,Motik.com.ua,Lisoped.ua,Zhuk.ua,VeloGO.com.ua"
https://s.ek.ua/jpg/2421112.jpg,TITAN Drone 26,"8900,8010,8900,8900,8900,8010","АЛЛО,Lisoped.ua,АЛЛО,АЛЛО,АЛЛО,Lisoped.ua"
https://s.ek.ua/jpg/2400409.jpg,CROSS Evolution 27.5,"7990,7191,7990,7200,7990,7990,7990","АЛЛО,Lisoped.ua,Beskydy.com.ua,Groosha.ua,Zhuk.ua,АЛЛО,АЛЛО"
https://s.ek.ua/jpg/2443213.jpg,Author Cosmic,"13960,13960,22320,17598,13960,13960,13960","Velomarket.org.ua,Velotime.com.ua,Ebox24.biz,Click24.in.ua,Velomarket.org.ua,Velomarket.org.ua,Velomarket.org.ua"
https://s.ek.ua/jpg/1540215.jpg,Comanche Prairie Comp M frame 20,"12561,12561,12561,12561","Velomarket.org.ua,Velotime.com.ua,Velomarket.org.ua,Velotime.com.ua"
https://s.ek.ua/jpg/2171463.jpg,Merida Silex 200,"47280,47280,47280,47280,47280,47280","Velomarket.org.ua,Velotime.com.ua,VeloGO.com.ua,Velomarket.org.ua,Velotime.com.ua,VeloGO.com.ua"
https://s.ek.ua/jpg/1153114.jpg,Crossride City Folding 20,"6327,6327","Groosha.ua,Groosha.ua"
https://s.ek.ua/jpg/2418484.jpg,Leon TR-90 DD 28,"35381,34875,33986,35381,35381,35381,35381","Kvshop.com.ua,Enko.com.ua,Q-techno.com.ua,Brain.com.ua,Itbox.ua,Orbitreki.com.ua,Beskydy.com.ua"
https://s.ek.ua/jpg/2037182.jpg,AZIMUT Spark 29 frame 19,"6650,6650","Lisoped.ua,Lisoped.ua"
img_src,name,price_list,shop_list
https://s.ek.ua/jpg/1822228.jpg,VNC Expance 27.5,"10800,9576,10800,11970,12874,13353,11970","АЛЛО,Lisoped.ua,Beskydy.com.ua,АЛЛО,АЛЛО,АЛЛО,АЛЛО"
https://s.ek.ua/jpg/2444526.jpg,Trek Marlin 7 Gen 2 29,"39900,39900","Velomarket.org.ua,Velotime.com.ua"
https://s.ek.ua/jpg/1966061.jpg,Merida Big.Nine 20,"24800,24800","Velomarket.org.ua,Velotime.com.ua"
https://s.ek.ua/jpg/2437631.jpg,Merida Big.Nine 3000,80000,VeloGO.com.ua
https://s.ek.ua/jpg/2379252.jpg,Kinetic Profi 26,"13338,13680,13338,13338,13338,13338,13338","VeloGO.com.ua,Lisoped.ua,Beskydy.com.ua,Groosha.ua,Zhuk.ua,VeloGO.com.ua,VeloGO.com.ua"
https://s.ek.ua/jpg/2243948.jpg,Cyclone GSX,"49413,50680,49413,49413,49413,49413,50680","VeloGO.com.ua,Lisoped.ua,Beskydy.com.ua,Groosha.ua,Zhuk.ua,VeloGO.com.ua,Lisoped.ua"
https://s.ek.ua/jpg/2379245.jpg,Kinetic Sniper 24,"11934,12240,11934,11934,11934","VeloGO.com.ua,Lisoped.ua,Beskydy.com.ua,Groosha.ua,Zhuk.ua"
https://s.ek.ua/jpg/1982971.jpg,Bergamont Revox 5.0 29,32700,Velotime.com.ua
https://s.ek.ua/jpg/2039825.jpg,Scott Contessa Active 20 27.5,"36120,36120,36120,36120","Velomarket.org.ua,Velotime.com.ua,VeloGO.com.ua,Lisoped.ua"
https://s.ek.ua/jpg/2421073.jpg,CROSS Smile 26,"8300,8300,8300,8300,8300,8300,8300","АЛЛО,Lisoped.ua,Zhuk.ua,АЛЛО,АЛЛО,АЛЛО,АЛЛО"
https://s.ek.ua/jpg/2436823.jpg,Merida Big.Seven 100-2x,"32440,32440","VeloGO.com.ua,VeloGO.com.ua"
https://s.ek.ua/jpg/1865025.jpg,Indiana Moena S3B 28,"11120,12360","Ebox24.biz,Ebox24.biz"
https://s.ek.ua/jpg/2199261.jpg,Dorozhnik Coral,"12888,11138,12888,12888,12239,10024,12132","Kvshop.com.ua,VeloGO.com.ua,АЛЛО,Lisoped.ua,Enko.com.ua,Dinastiya.com.ua,Q-techno.com.ua"
https://s.ek.ua/jpg/2255602.jpg,Spirit Fitness Piligrim 8.1,"22359,22359,22359,22359,20123,22359","VeloGO.com.ua,Stylus.ua,Цифра,Lisoped.ua,Dinastiya.com.ua,Orbitreki.com.ua"
https://s.ek.ua/jpg/2255595.jpg,Spirit Fitness Echo 9.4 29,"24939,24939,24939,24939,22908,24939,22445","Kvshop.com.ua,VeloGO.com.ua,Stylus.ua,Цифра,Enko.com.ua,Lisoped.ua,Dinastiya.com.ua"
https://s.ek.ua/jpg/2246656.jpg,Leon XC-50 AM HDD,"31668,31668,31668,31668,31668,31668,29820","Kvshop.com.ua,VeloGO.com.ua,Stylus.ua,Цифра,АЛЛО,Lisoped.ua,Enko.com.ua"
https://s.ek.ua/jpg/2181548.jpg,Scott Speedster 50,"37496,37496,37496","Velomarket.org.ua,Velotime.com.ua,VeloGO.com.ua"
https://s.ek.ua/jpg/407249.jpg,AZIMUT Scorpion 26 GD,"6650,6650,6650,6650","Lisoped.ua,Lisoped.ua,Lisoped.ua,Lisoped.ua"
https://s.ek.ua/jpg/922781.jpg,Xiaomi MiJia QiCycle,43014,Smartmag.biz.ua
https://s.ek.ua/jpg/1996690.jpg,CRONUS Baturo 520 29,"30900,30900,30900,30900","АЛЛО,Lisoped.ua,Beskydy.com.ua,Zhuk.ua"
https://s.ek.ua/jpg/2258758.jpg,Discovery Bastion 26,"9805,9805,9805,9805,9805,9805,9805","Stylus.ua,Цифра,АЛЛО,Lisoped.ua,Orbitreki.com.ua,Beskydy.com.ua,Zhuk.ua"
https://s.ek.ua/jpg/2443354.jpg,KTM Ultra Sport,"60200,60200,60200,60200,54511,60200,60200","Kvshop.com.ua,Velomarket.org.ua,Velotime.com.ua,VeloGO.com.ua,Q-techno.com.ua,Brain.com.ua,Itbox.ua"
https://s.ek.ua/jpg/2450934.jpg,GT Transeo Comp,"25400,25400,25400,25400,25400","Stylus.ua,Цифра,Lisoped.ua,Groosha.ua,Zhuk.ua"
https://s.ek.ua/jpg/1876585.jpg,ORBEA MX 50 29,"28577,28577","Stylus.ua,Цифра"
https://s.ek.ua/jpg/2384113.jpg,TITAN Jaguar 26,"11400,11400,11400,10260,11400,11400,11400","АЛЛО,Lisoped.ua,Beskydy.com.ua,Groosha.ua,Zhuk.ua,АЛЛО,АЛЛО"
https://s.ek.ua/jpg/2450872.jpg,GT Avalanche Sport 29,"29800,29800,29800,29800,29800","Stylus.ua,Цифра,Lisoped.ua,Groosha.ua,Zhuk.ua"
https://s.ek.ua/jpg/2450960.jpg,GT Avalanche Elite 29,"43600,43600,43600,43600,43600","Stylus.ua,Цифра,Lisoped.ua,Groosha.ua,Zhuk.ua"
https://s.ek.ua/jpg/2434200.jpg,Author Unica 26,"18330,18330,18330,18330,18330,18330,18330","Velomarket.org.ua,Velotime.com.ua,Stylus.ua,Цифра,Velomarket.org.ua,Velotime.com.ua,Stylus.ua"
https://s.ek.ua/jpg/2399857.jpg,Merida Big.Nine 20-3x,"27120,27120,27120","Velomarket.org.ua,Velotime.com.ua,VeloGO.com.ua"
https://s.ek.ua/jpg/431861.jpg,Corrado Namito 1.0 Dirt Jump,"19314,18241,18084,17298,16354,17140,15999","Kvshop.com.ua,Stylus.ua,Цифра,Tviy-Dim.com,Enko.com.ua,Q-techno.com.ua,Brain.com.ua"
https://s.ek.ua/jpg/2244746.jpg,Leon XC-90 SE,15359,Dinastiya.com.ua
https://s.ek.ua/jpg/2246112.jpg,Leon TN-90 AM DD,"17550,17550,17550,17550,17550,17550,16330","VeloGO.com.ua,Stylus.ua,Цифра,Lisoped.ua,Beskydy.com.ua,Zhuk.ua,Groosha.ua"
https://s.ek.ua/jpg/2255376.jpg,Winner Solid FX 26 (3x7,"14625,15000,14625,14625,14625,22815,15000","VeloGO.com.ua,Lisoped.ua,Beskydy.com.ua,Groosha.ua,Zhuk.ua,VeloGO.com.ua,Lisoped.ua"
https://s.ek.ua/jpg/2014536.jpg,Formula Smart 20,"5809,5576,5636,5626,5809,5809,5560","Kvshop.com.ua,Tviy-Dim.com,Enko.com.ua,Q-techno.com.ua,Brain.com.ua,Itbox.ua,Pcsmart.ua"
https://s.ek.ua/jpg/431458.jpg,Corrado Piemont DB MTB 26,"14208,13305,13190,12618,12159,12105,12205","Kvshop.com.ua,Stylus.ua,Цифра,Tviy-Dim.com,Enko.com.ua,Q-techno.com.ua,Brain.com.ua"
https://s.ek.ua/jpg/2016665.jpg,ORBEA Oiz H10 TR,"134692,166583,166583,134692,134692,134692,134692","VeloGO.com.ua,Stylus.ua,Цифра,Lisoped.ua,Groosha.ua,Zhuk.ua,VeloGO.com.ua"
https://s.ek.ua/jpg/2244755.jpg,Leon Junior Vbr,"10628,10628,9565,10628,9884,10628,9565","VeloGO.com.ua,Motik.com.ua,Dinastiya.com.ua,Orbitreki.com.ua,Banka-ua.com,Motik.com.ua,Dinastiya.com.ua"
https://s.ek.ua/jpg/1630558.jpg,Ardis Getman 28,"9101,5956","Groosha.ua,Groosha.ua"
https://s.ek.ua/jpg/1098604.jpg,Crosser Genesis 29,30875,Lisoped.ua
https://s.ek.ua/jpg/2379232.jpg,Discovery Flint DD 24,"7830,7830,7291,7830,7291","Orbitreki.com.ua,Zhuk.ua,Groosha.ua,Orbitreki.com.ua,Groosha.ua"
https://s.ek.ua/jpg/526195.jpg,Ardis Expert MTB 26,"16206,15237,15105,14449,13800,13700,13800","Kvshop.com.ua,Stylus.ua,Цифра,Tviy-Dim.com,Enko.com.ua,Q-techno.com.ua,Brain.com.ua"
https://s.ek.ua/jpg/2255565.jpg,Spirit Fitness Echo 9.3 29,"19779,19779,19779,19779,18338,19779,17801","Kvshop.com.ua,VeloGO.com.ua,Stylus.ua,Цифра,Enko.com.ua,Lisoped.ua,Dinastiya.com.ua"
https://s.ek.ua/jpg/2255523.jpg,Spirit Fitness Echo 7.2 27.5,"18060,18060,18060,18060,16757,18060,16254","Kvshop.com.ua,VeloGO.com.ua,Stylus.ua,Цифра,Enko.com.ua,Lisoped.ua,Dinastiya.com.ua"
https://s.ek.ua/jpg/2163776.jpg,Merida Crossway 300,"35240,35240","Velomarket.org.ua,Velotime.com.ua"
https://s.ek.ua/jpg/791004.jpg,Ardis Cleo MTB 26,9376,Groosha.ua
https://s.ek.ua/jpg/2244714.jpg,Cyclone SLX Pro Trail 2,"38805,39800,38805,38805,38805,38805,39800","VeloGO.com.ua,Lisoped.ua,Beskydy.com.ua,Groosha.ua,Zhuk.ua,VeloGO.com.ua,Lisoped.ua"
https://s.ek.ua/jpg/2444306.jpg,Pride RocX 8.1,31400,VeloGO.com.ua
https://s.ek.ua/jpg/2434244.jpg,Author Rival 29,"24000,24000","Velomarket.org.ua,Velotime.com.ua"
https://s.ek.ua/jpg/1979035.jpg,Bergamont Revox 2 27.5,"19900,19900","Velomarket.org.ua,Velotime.com.ua"
https://s.ek.ua/jpg/1954900.jpg,Giant Revolt 1,"73993,73993","Velomarket.org.ua,Velotime.com.ua"
https://s.ek.ua/jpg/2434205.jpg,Author Record 20,"17600,17600,17600,17600","Velomarket.org.ua,Velotime.com.ua,Velomarket.org.ua,Velotime.com.ua"
https://s.ek.ua/jpg/2250800.jpg,Pride Rebel 9.2,41960,Groosha.ua
https://s.ek.ua/jpg/1540466.jpg,Comanche Ranger Magnum Disc 29 frame 21,"15795,15795","Velomarket.org.ua,Velotime.com.ua"
https://s.ek.ua/jpg/2379217.jpg,Discovery Qube Vbr,"8565,8565,8565,8565,8565,8135,8565","Kvshop.com.ua,Stylus.ua,Цифра,Motik.com.ua,АЛЛО,Enko.com.ua,Lisoped.ua"
https://s.ek.ua/jpg/1098611.jpg,Crosser Pionner 29,"23038,23038","Lisoped.ua,Lisoped.ua"
https://s.ek.ua/jpg/1544244.jpg,Formula Omega 26,"9016,9016,9016,9016,9016,8573,9016","Kvshop.com.ua,VeloGO.com.ua,Stylus.ua,Цифра,АЛЛО,Enko.com.ua,Lisoped.ua"
https://s.ek.ua/jpg/2057951.jpg,Fujifilm Nevada 29 1.7,"23985,23985,23985,23985","Velomarket.org.ua,Velotime.com.ua,Velomarket.org.ua,Velotime.com.ua"
https://s.ek.ua/jpg/1976797.jpg,Pride Mini 3,"19560,19560,19560,19560,19560","VeloGO.com.ua,Stylus.ua,Цифра,Lisoped.ua,VeloGO.com.ua"
https://s.ek.ua/jpg/2252242.jpg,Pride Marvel 9.3,"24600,24600,24600,24600,24600,24600,24600","VeloGO.com.ua,Lisoped.ua,Groosha.ua,Zhuk.ua,VeloGO.com.ua,Lisoped.ua,Groosha.ua"
https://s.ek.ua/jpg/2398917.jpg,Pride Marvel 7.2 Microshift,"17560,17560,17560,17560","VeloGO.com.ua,Lisoped.ua,Groosha.ua,Zhuk.ua"
https://s.ek.ua/jpg/2398889.jpg,Pride Marvel 6.1 Tourney,"14400,14400","VeloGO.com.ua,VeloGO.com.ua"
https://s.ek.ua/jpg/1749096.jpg,Discovery Canyon AM2 Vbr,"9133,9133,9133,9133,9133,8693,8220","Kvshop.com.ua,Stylus.ua,Цифра,АЛЛО,Lisoped.ua,Enko.com.ua,Dinastiya.com.ua"
https://s.ek.ua/jpg/2273021.jpg,Marin Bolinas Ridge 1 29,"21560,21560,21560,21560,21560,21560","VeloGO.com.ua,Stylus.ua,Цифра,Lisoped.ua,Groosha.ua,Zhuk.ua"
https://s.ek.ua/jpg/2418789.jpg,Merida Big.Seven 60-2x,"32240,32240,32240,32240,32240,32240","Velomarket.org.ua,Velotime.com.ua,Velomarket.org.ua,Velomarket.org.ua,Velotime.com.ua,Velotime.com.ua"
https://s.ek.ua/jpg/2406303.jpg,Merida Big.Seven 300,"34920,34920,34920,34920","Velomarket.org.ua,Velotime.com.ua,Velomarket.org.ua,Velotime.com.ua"
https://s.ek.ua/jpg/1966079.jpg,Merida Big.Seven 20,"24800,24800,25160","Velomarket.org.ua,Velotime.com.ua,VeloGO.com.ua"
https://s.ek.ua/jpg/2172510.jpg,Merida Big.Nine 500,"46400,46400,46400,46400","Velomarket.org.ua,Velotime.com.ua,Velomarket.org.ua,Velotime.com.ua"
https://s.ek.ua/jpg/2219858.jpg,Ardis BigFoot 26,"14430,15034,14905,14257,14386,14126,14430","Kvshop.com.ua,Stylus.ua,Цифра,Tviy-Dim.com,Enko.com.ua,Q-techno.com.ua,Brain.com.ua"
https://s.ek.ua/jpg/2437618.jpg,Merida Big.Nine XT-Edition,69880,VeloGO.com.ua
https://s.ek.ua/jpg/2437485.jpg,Merida Big.Nine 400,42640,VeloGO.com.ua
https://s.ek.ua/jpg/2162575.jpg,Merida Big.Nine 15,"23960,23960,23960,23960,23960,23960,23960","Velomarket.org.ua,Velotime.com.ua,VeloGO.com.ua,Velomarket.org.ua,Velomarket.org.ua,Velotime.com.ua,Velotime.com.ua"
https://s.ek.ua/jpg/2436763.jpg,Merida Big.Nine 100-2x,"32440,32440","VeloGO.com.ua,VeloGO.com.ua"
https://s.ek.ua/jpg/2243883.jpg,Cyclone AX 27.5,"17667,18120,17667,17667,17667,17667","VeloGO.com.ua,Lisoped.ua,Beskydy.com.ua,Groosha.ua,Zhuk.ua,VeloGO.com.ua"
https://s.ek.ua/jpg/2185577.jpg,Giant ATX 27.5,"20200,20200,20200,20200","Velomarket.org.ua,Velotime.com.ua,Velomarket.org.ua,Velotime.com.ua"
https://s.ek.ua/jpg/2182217.jpg,Scott Aspect 970,"25972,25972,25972,25972","Velomarket.org.ua,Velotime.com.ua,VeloGO.com.ua,Lisoped.ua"
https://s.ek.ua/jpg/2182120.jpg,Scott Aspect 940,"37840,37840","Velomarket.org.ua,Velotime.com.ua"
https://s.ek.ua/jpg/2249576.jpg,Pride Marvel 7.3,"24600,24600,24600,24600","VeloGO.com.ua,Lisoped.ua,Groosha.ua,Zhuk.ua"
https://s.ek.ua/jpg/2398886.jpg,Pride Marvel 6.1 Microshift,14000,VeloGO.com.ua
https://s.ek.ua/jpg/2397260.jpg,Trek Marlin 7 Gen 2 29,"39900,39900,39900,39900","Velomarket.org.ua,Velotime.com.ua,Velomarket.org.ua,Velotime.com.ua"
https://s.ek.ua/jpg/2204610.jpg,TRINX M116 Elite,"15444,15444,15444,15444","VeloGO.com.ua,Lisoped.ua,VeloGO.com.ua,Lisoped.ua"
https://s.ek.ua/jpg/2205411.jpg,TRINX M100 Elite,"14491,13004,13104,13104,13199,12504,13104","Enko.com.ua,Q-techno.com.ua,Brain.com.ua,Groosha.ua,Mta.ua,Pcsmart.ua,Itbox.ua"
https://s.ek.ua/jpg/1821084.jpg,Mongoose Legion L40,"16509,19776","Click24.in.ua,Click24.in.ua"
https://s.ek.ua/jpg/2273029.jpg,Marin Kentfield 1,"20760,20760,20760,20760","VeloGO.com.ua,Stylus.ua,Цифра,Lisoped.ua"
https://s.ek.ua/jpg/431428.jpg,Corrado Kanio 2.1 MTB 26,"12447,12340,11804,11159,11695,11100,11100","Stylus.ua,Цифра,Tviy-Dim.com,Enko.com.ua,Q-techno.com.ua,Brain.com.ua,Itbox.ua"
https://s.ek.ua/jpg/1787752.jpg,Cannondale SuperSix EVO Carbon 105,"91764,91764","VeloGO.com.ua,Lisoped.ua"
https://s.ek.ua/jpg/2437575.jpg,Merida Silex 400,"63680,63680","VeloGO.com.ua,VeloGO.com.ua"
https://s.ek.ua/jpg/1960030.jpg,Scott Scale 940,"54180,54180,54180,54180,85785,85785,85785","Velomarket.org.ua,Velotime.com.ua,VeloGO.com.ua,Lisoped.ua,Velomarket.org.ua,Velomarket.org.ua,Velotime.com.ua"
https://s.ek.ua/jpg/1630440.jpg,Ardis CTB Ukr Bike 28,5678,Groosha.ua
https://s.ek.ua/jpg/2244803.jpg,Leon TN-70 AM HDD,"19929,19929,19929,19929,19577,18834,18693","Kvshop.com.ua,VeloGO.com.ua,АЛЛО,Lisoped.ua,Tviy-Dim.com,Enko.com.ua,Q-techno.com.ua"
https://s.ek.ua/jpg/1630542.jpg,Ardis New Fold 24,6338,Groosha.ua
https://s.ek.ua/jpg/1872158.jpg,CROSS Leader 29,6999,АЛЛО
https://s.ek.ua/jpg/1891360.jpg,Xiaomi Himo C26,"50399,94880,55999","Touch,Ebox24.biz,Zhuk.ua"
https://s.ek.ua/jpg/2415939.jpg,ADO A26 450Wh,"57151,38399,65950","Click24.in.ua,Ctrs.com.ua,Click24.in.ua"
https://s.ek.ua/jpg/2379225.jpg,Discovery Rider AM DD 26,"6999,7024,6951,6747,6739,6999,7024","Kvshop.com.ua,АЛЛО,Lisoped.ua,Enko.com.ua,Q-techno.com.ua,Brain.com.ua,Orbitreki.com.ua"
https://s.ek.ua/jpg/2184082.jpg,Trek Marlin 4 29,"25500,25500","Velomarket.org.ua,Velotime.com.ua"
https://s.ek.ua/jpg/2192488.jpg,Formula Kozak AM DD 27.5,"10470,10470,10470,10470,10418,10470,10470","VeloGO.com.ua,Stylus.ua,Цифра,АЛЛО,Lisoped.ua,Orbitreki.com.ua,Beskydy.com.ua"
https://s.ek.ua/jpg/1971575.jpg,Merida Big.Nine 60-2x,"27317,27316,31400","Velomarket.org.ua,Velotime.com.ua,VeloGO.com.ua"
https://s.ek.ua/jpg/2434151.jpg,Author A-Matrix 26,"17400,17400,17400,17400,23087,17400,17400","Velomarket.org.ua,Velotime.com.ua,Stylus.ua,Цифра,Click24.in.ua,Velomarket.org.ua,Velomarket.org.ua"
https://s.ek.ua/jpg/1959555.jpg,Giant Talon 3 29,"25797,25797,26800,25797,25797,25797,25797","Velomarket.org.ua,Velotime.com.ua,VeloGO.com.ua,Velomarket.org.ua,Velomarket.org.ua,Velotime.com.ua,Velotime.com.ua"
https://s.ek.ua/jpg/2248887.jpg,Kinetic Storm 29,"14118,14480,14118,14118,14118,14118,14118","VeloGO.com.ua,Lisoped.ua,Beskydy.com.ua,Groosha.ua,Zhuk.ua,VeloGO.com.ua,VeloGO.com.ua"
https://s.ek.ua/jpg/2433966.jpg,Author Outset 26,"18720,18720,18720,18720,18720,18720,18720","Velomarket.org.ua,Velotime.com.ua,Stylus.ua,Цифра,Velomarket.org.ua,Velomarket.org.ua,Velotime.com.ua"
https://s.ek.ua/jpg/2398896.jpg,Pride Marvel 7.1,"14600,14600,14600,14600,14600,14600,14600","VeloGO.com.ua,Lisoped.ua,Groosha.ua,Zhuk.ua,VeloGO.com.ua,Lisoped.ua,Groosha.ua"
https://s.ek.ua/jpg/2398981.jpg,Formula F-1 AM HDD 27.5,"14562,14562,14562,14562,14562,13792,14368","Kvshop.com.ua,VeloGO.com.ua,Stylus.ua,Цифра,АЛЛО,Enko.com.ua,Lisoped.ua"
https://s.ek.ua/jpg/2255585.jpg,Spirit Fitness Echo 7.4 27.5,"24939,24939,24939,24939,22908,24939,22445","Kvshop.com.ua,VeloGO.com.ua,Stylus.ua,Цифра,Enko.com.ua,Lisoped.ua,Dinastiya.com.ua"
https://s.ek.ua/jpg/2255560.jpg,Spirit Fitness Echo 7.3 27.5,"19779,19779,19779,19779,18338,19779,17801","Kvshop.com.ua,VeloGO.com.ua,Stylus.ua,Цифра,Enko.com.ua,Lisoped.ua,Dinastiya.com.ua"
https://s.ek.ua/jpg/2383612.jpg,Formula Blackwood AM DD 24,"10703,10757,10006","Lisoped.ua,Orbitreki.com.ua,Groosha.ua"
https://s.ek.ua/jpg/2405967.jpg,Merida Big.Seven 15,"23960,23960,23960,23960,23960,23960,23960","Velomarket.org.ua,Velotime.com.ua,VeloGO.com.ua,Velomarket.org.ua,Velomarket.org.ua,Velotime.com.ua,Velotime.com.ua"
https://s.ek.ua/jpg/2383627.jpg,Formula F-1 AM DD 29,"13790,13790,13790,13790,13790,13075,13790","Kvshop.com.ua,VeloGO.com.ua,Stylus.ua,Цифра,АЛЛО,Enko.com.ua,Lisoped.ua"
https://s.ek.ua/jpg/2192864.jpg,Formula F-1 AM DD 26,"13514,13515,13515,13515,13515,13515,12796","Kvshop.com.ua,VeloGO.com.ua,Stylus.ua,Цифра,АЛЛО,Lisoped.ua,Enko.com.ua"
https://s.ek.ua/jpg/2443229.jpg,KTM Chicago 291,"34400,34400","Velomarket.org.ua,Velotime.com.ua"
https://s.ek.ua/jpg/2384197.jpg,Marin Bobcat Trail 4 27.5,"30400,30400,30400,30400,30400,30400,30400","VeloGO.com.ua,Stylus.ua,Цифра,Lisoped.ua,Groosha.ua,Zhuk.ua,VeloGO.com.ua"
https://s.ek.ua/jpg/1977966.jpg,Merida Big.Seven 60-2x,"28259,28259","Velomarket.org.ua,Velotime.com.ua"
https://s.ek.ua/jpg/2260120.jpg,Cannondale Topstone 3,51560,VeloGO.com.ua
https://s.ek.ua/jpg/2244787.jpg,Leon TN-60 AM HDD,"21840,21840,21840,21840,21840,21840,20625","Kvshop.com.ua,VeloGO.com.ua,Stylus.ua,Цифра,АЛЛО,Lisoped.ua,Enko.com.ua"
https://s.ek.ua/jpg/2252790.jpg,Winner Solid DX 29,"18408,18880,18408,18408,18408,18408,18880","VeloGO.com.ua,Lisoped.ua,Beskydy.com.ua,Groosha.ua,Zhuk.ua,VeloGO.com.ua,Lisoped.ua"
https://s.ek.ua/jpg/2183174.jpg,Marin Bobcat Trail 5 27.5,"43160,43160,43160,43160,43160,43160","VeloGO.com.ua,Stylus.ua,Цифра,Lisoped.ua,Groosha.ua,Zhuk.ua"
https://s.ek.ua/jpg/2052940.jpg,Marin Bobcat Trail 3 29,"27560,27560,27560,27560,27560,27560,27560","VeloGO.com.ua,Stylus.ua,Цифра,Lisoped.ua,Groosha.ua,Zhuk.ua,VeloGO.com.ua"
https://s.ek.ua/jpg/2437568.jpg,Merida Big.Nine 600,60880,VeloGO.com.ua
https://s.ek.ua/jpg/2437656.jpg,Merida Big.Nine 5000,105320,VeloGO.com.ua
https://s.ek.ua/jpg/2164677.jpg,Merida Big.Nine 200,"34680,34680","Velomarket.org.ua,Velotime.com.ua"
https://s.ek.ua/jpg/2421083.jpg,CROSS Betty 24,"7990,7990,7990,7990,7990,7990,7990","АЛЛО,Lisoped.ua,Beskydy.com.ua,Zhuk.ua,АЛЛО,АЛЛО,Zhuk.ua"
https://s.ek.ua/jpg/1307177.jpg,Airwheel R5,43996,Click24.in.ua
https://s.ek.ua/jpg/791038.jpg,Comanche Lago S3,"22269,22269","Velomarket.org.ua,Velotime.com.ua"
https://s.ek.ua/jpg/2248975.jpg,Kinetic Profi 26,"12441,12760,12441,12441,12441,12441,12441","VeloGO.com.ua,Lisoped.ua,Beskydy.com.ua,Groosha.ua,Zhuk.ua,VeloGO.com.ua,VeloGO.com.ua"
https://s.ek.ua/jpg/431466.jpg,Corrado Piemont VB MTB 26,"13764,12661,12552,12211,11656,11705,11805","Kvshop.com.ua,Stylus.ua,Цифра,Tviy-Dim.com,Enko.com.ua,Q-techno.com.ua,Brain.com.ua"
https://s.ek.ua/jpg/1328696.jpg,Giant Omnium,"65917,65917","Velomarket.org.ua,Velotime.com.ua"
https://s.ek.ua/jpg/269980.jpg,Comanche Moto Six 20,"11404,11399,11404,11399","Velomarket.org.ua,Velotime.com.ua,Velomarket.org.ua,Velotime.com.ua"
https://s.ek.ua/jpg/2398945.jpg,Pride Marvel 9.2 Microshift,19160,VeloGO.com.ua
https://s.ek.ua/jpg/2184141.jpg,Trek Marlin 5 29,"31900,31900,31900,31900,31900,31900","Velomarket.org.ua,Velotime.com.ua,Velomarket.org.ua,Velomarket.org.ua,Velotime.com.ua,Velotime.com.ua"
https://s.ek.ua/jpg/1834576.jpg,Giant Liv Suede 2,"13110,13110","Velomarket.org.ua,Velotime.com.ua"
https://s.ek.ua/jpg/2017271.jpg,ORBEA Keram 10,"156169,156169,118843,118843","Stylus.ua,Цифра,Motik.com.ua,Lisoped.ua"
https://s.ek.ua/jpg/2207704.jpg,Trek Marlin 6 27.5,"33900,33900,33900,33900","Velomarket.org.ua,Velotime.com.ua,Velomarket.org.ua,Velotime.com.ua"
https://s.ek.ua/jpg/1811571.jpg,Giant Liv Enchant 24 Disc,"18332,18332","Velomarket.org.ua,Velotime.com.ua"
https://s.ek.ua/jpg/2057883.jpg,Fujifilm Jari 2.5,"44928,44928","Velomarket.org.ua,Velotime.com.ua"
https://s.ek.ua/jpg/1323640.jpg,Giant iRide Rocker 1,"34000,34000","Velomarket.org.ua,Velotime.com.ua"
https://s.ek.ua/jpg/1523733.jpg,Giant iNeed Street Mid Step,"18775,18775","Velomarket.org.ua,Velotime.com.ua"
https://s.ek.ua/jpg/2208382.jpg,Author Impulse II 29,"23900,23900","Velomarket.org.ua,Velotime.com.ua"
https://s.ek.ua/jpg/2255418.jpg,Winner Impulse 27.5,"15132,15520,15132,15132,15132,15132","VeloGO.com.ua,Lisoped.ua,Beskydy.com.ua,Groosha.ua,Zhuk.ua,VeloGO.com.ua"
https://s.ek.ua/jpg/2246105.jpg,Leon HT-Lady AM,"13650,13650,12700","VeloGO.com.ua,Orbitreki.com.ua,Groosha.ua"
https://s.ek.ua/jpg/1891358.jpg,Xiaomi Himo Z16,25699,Touch
https://s.ek.ua/jpg/1823821.jpg,Giant Glory 1,"179982,179982,192000","Velomarket.org.ua,Velotime.com.ua,VeloGO.com.ua"
https://s.ek.ua/jpg/2014706.jpg,ORBEA Avant H40-D,"51979,72857,72857,51979,51979,51979,72857","VeloGO.com.ua,Stylus.ua,Цифра,Lisoped.ua,Groosha.ua,Zhuk.ua,Stylus.ua"
https://s.ek.ua/jpg/761796.jpg,Medano Artist Harry,21204,Lisoped.ua
https://s.ek.ua/jpg/923148.jpg,TITAN Apollo 24,"9200,8280,9200,9200,9200,9200,9200","АЛЛО,Lisoped.ua,Beskydy.com.ua,АЛЛО,АЛЛО,АЛЛО,АЛЛО"
https://s.ek.ua/jpg/2016540.jpg,ORBEA Alma H30 29,"46280,57236,57236,46280,46280,46280,46280","VeloGO.com.ua,Stylus.ua,Цифра,Motik.com.ua,Lisoped.ua,Zhuk.ua,VeloGO.com.ua"
https://s.ek.ua/jpg/530784.jpg,Cube Agree GTC Race,64861,Click24.in.ua
https://s.ek.ua/jpg/2397297.jpg,GT Aggressor Sport 27.5,"21600,21600,21600,21600,21600","Stylus.ua,Цифра,Lisoped.ua,Groosha.ua,Zhuk.ua"
https://s.ek.ua/jpg/2193076.jpg,Formula Zephyr 3.0 AM DD 26,"10130,10130","Orbitreki.com.ua,Orbitreki.com.ua"
https://s.ek.ua/jpg/1806558.jpg,Giant XTC Jr 20 Lite,"12110,12110","Velomarket.org.ua,Velotime.com.ua"
https://s.ek.ua/jpg/2252255.jpg,Winner Alpina 27.5 (1x8,"14820,15200,14820,14820,14820,14820,15200","VeloGO.com.ua,Lisoped.ua,Beskydy.com.ua,Groosha.ua,Zhuk.ua,VeloGO.com.ua,Lisoped.ua"
https://s.ek.ua/jpg/1629102.jpg,Pride Mini 1,11960,VeloGO.com.ua
https://s.ek.ua/jpg/377176.jpg,AZIMUT Extreme 26 D,"7125,7125","Lisoped.ua,Lisoped.ua"
https://s.ek.ua/jpg/1979650.jpg,Giant XTC Jr 24 Lite,"15000,15000,15000,15000","Velomarket.org.ua,Velotime.com.ua,Velomarket.org.ua,Velotime.com.ua"
https://s.ek.ua/jpg/1806552.jpg,Giant XTC Jr 20,"12800,12800","Velomarket.org.ua,Velotime.com.ua"
https://s.ek.ua/jpg/1994230.jpg,Haibike Xduro Alltrail 5.0 Carbon Flyon 27.5,"237500,237500,268750,268750,268750,241875,268750","Velomarket.org.ua,Velotime.com.ua,VeloGO.com.ua,Stylus.ua,Цифра,Dinastiya.com.ua,Orbitreki.com.ua"
https://s.ek.ua/jpg/2246011.jpg,Leon XC-70 AM HDD,"18564,18564,18564,18564,18564,17520,17389","Kvshop.com.ua,VeloGO.com.ua,Stylus.ua,Цифра,Lisoped.ua,Enko.com.ua,Q-techno.com.ua"
https://s.ek.ua/jpg/2380683.jpg,Marin Wildcat Trail WFG 3,"27560,27560,27560,27560,27560,27560,27560","VeloGO.com.ua,Stylus.ua,Цифра,Lisoped.ua,Groosha.ua,Zhuk.ua,VeloGO.com.ua"
https://s.ek.ua/jpg/1533805.jpg,Centurion Hyperdrive 500,"29000,29000","Velomarket.org.ua,Velotime.com.ua"
https://s.ek.ua/jpg/2039551.jpg,Scott Genius 950,"133300,133300,133300","Velomarket.org.ua,Velotime.com.ua,VeloGO.com.ua"
https://s.ek.ua/jpg/2271277.jpg,Trek FX 3 Disc,"44400,44400","Velomarket.org.ua,Velotime.com.ua"
https://s.ek.ua/jpg/2399775.jpg,Atlantic Fusion NX 24,"8259,8259,7262,7262,8259","АЛЛО,Lisoped.ua,Beskydy.com.ua,Lisoped.ua,Beskydy.com.ua"
https://s.ek.ua/jpg/2384126.jpg,TITAN Flatland,"9200,9200,9200,8280","АЛЛО,Beskydy.com.ua,Zhuk.ua,Groosha.ua"
https://s.ek.ua/jpg/2383635.jpg,Formula F-1 AM DD 27.5,"13735,13735,13735,13735,13735,13035,13694","Kvshop.com.ua,VeloGO.com.ua,Цифра,Stylus.ua,АЛЛО,Enko.com.ua,Lisoped.ua"
https://s.ek.ua/jpg/406891.jpg,AZIMUT Extreme 24,6888,Lisoped.ua
https://s.ek.ua/jpg/2255539.jpg,Spirit Fitness Echo 9.2 29,"18060,18060,18060,16254,18060","VeloGO.com.ua,Stylus.ua,Цифра,Dinastiya.com.ua,Orbitreki.com.ua"
https://s.ek.ua/jpg/2162615.jpg,Merida Crossway L 10-V,"20080,20080,20080","Velomarket.org.ua,Velotime.com.ua,VeloGO.com.ua"
https://s.ek.ua/jpg/2206817.jpg,TRINX Tempo 1.0,"17127,17550,17550,18252,17550,15154,14113","Kvshop.com.ua,VeloGO.com.ua,Lisoped.ua,Enko.com.ua,TTT.ua,Q-techno.com.ua,Brain.com.ua"
https://s.ek.ua/jpg/2444427.jpg,Giant Talon 2 29,"29200,29200,29200,29200,29200,29200","Velomarket.org.ua,VeloGO.com.ua,Velotime.com.ua,Velomarket.org.ua,VeloGO.com.ua,Velotime.com.ua"
https://s.ek.ua/jpg/2258785.jpg,Discovery Qube AM DD 24,"9176,8258,9176,8999,9176,8258,9176","Motik.com.ua,Dinastiya.com.ua,Orbitreki.com.ua,Zhuk.ua,Motik.com.ua,Dinastiya.com.ua,Zhuk.ua"
https://s.ek.ua/jpg/2441476.jpg,ORBEA Onna 50,"26788,29643,29643,26788,26788,26788,29643","VeloGO.com.ua,Stylus.ua,Цифра,Zhuk.ua,VeloGO.com.ua,VeloGO.com.ua,Stylus.ua"
https://s.ek.ua/jpg/2383645.jpg,Formula Motion AM DD 26,"10608,10608,10608,10608,10608,10608,10087","Kvshop.com.ua,VeloGO.com.ua,Stylus.ua,Цифра,АЛЛО,Lisoped.ua,Enko.com.ua"
https://s.ek.ua/jpg/1630982.jpg,Ardis City Folding 20,10005,Groosha.ua
https://s.ek.ua/jpg/1992154.jpg,ORBEA Carpe 40,"25230,31201,31201,25230,25230,25230,25230","VeloGO.com.ua,Stylus.ua,Цифра,Motik.com.ua,Lisoped.ua,Groosha.ua,Zhuk.ua"
https://s.ek.ua/jpg/1749152.jpg,Discovery Prestige Woman 26,"8242,8242,8242,8242,8242,7856,7418","Kvshop.com.ua,Stylus.ua,Цифра,АЛЛО,Lisoped.ua,Enko.com.ua,Dinastiya.com.ua"
https://s.ek.ua/jpg/2204426.jpg,TRINX Dolphin 1.0,11115,Lisoped.ua
https://s.ek.ua/jpg/2384204.jpg,Marin Bobcat Trail 4 29,"30400,30400,30400,30400","VeloGO.com.ua,Lisoped.ua,Groosha.ua,Zhuk.ua"
https://s.ek.ua/jpg/2164682.jpg,Merida Big.Nine 300,"34920,34920,34920,34920,34920,34920,34920","Velomarket.org.ua,Velotime.com.ua,Groosha.ua,Velomarket.org.ua,Velomarket.org.ua,Velotime.com.ua,Velotime.com.ua"
https://s.ek.ua/jpg/2037123.jpg,AZIMUT Aqua 29 frame 19,"6650,6650","Lisoped.ua,Lisoped.ua"
https://s.ek.ua/jpg/1959731.jpg,Scott Aspect 970,"24000,24000","Velomarket.org.ua,Velotime.com.ua"
https://s.ek.ua/jpg/2418455.jpg,Formula Alpina AM DD 26,"11032,11092,11032,10262,11032,10997,11032","VeloGO.com.ua,Lisoped.ua,Orbitreki.com.ua,Groosha.ua,VeloGO.com.ua,Lisoped.ua,Orbitreki.com.ua"
https://s.ek.ua/jpg/2415883.jpg,ADO A20F+ 375Wh,"47999,45999,78060,45999,78060,78060","АЛЛО,Ctrs.com.ua,Click24.in.ua,Ctrs.com.ua,Click24.in.ua,Click24.in.ua"
https://s.ek.ua/jpg/2258809.jpg,Discovery Trek AM DD 26,"8442,8442,8442,8442,8442,8055,8056","Kvshop.com.ua,Stylus.ua,Цифра,АЛЛО,Lisoped.ua,Enko.com.ua,Q-techno.com.ua"
https://s.ek.ua/jpg/2052807.jpg,Pride Rocx Dirt Tour,"55160,55160,55160,55160,55160","VeloGO.com.ua,Stylus.ua,Цифра,Lisoped.ua,Groosha.ua"
https://s.ek.ua/jpg/2249570.jpg,Pride Rocksteady AL 7.2,"14014,14014,21560,21560","VeloGO.com.ua,Lisoped.ua,Groosha.ua,Zhuk.ua"
https://s.ek.ua/jpg/1840535.jpg,Merida Reacto Disc 9000-E,404280,VeloGO.com.ua
https://s.ek.ua/jpg/2434235.jpg,Author Pegas 29,"33263,33263","Velomarket.org.ua,Velotime.com.ua"
https://s.ek.ua/jpg/2014690.jpg,ORBEA Orca Aero M30 Team,"122558,171790,171790,122558,122558,122558","VeloGO.com.ua,Stylus.ua,Цифра,Lisoped.ua,Groosha.ua,Zhuk.ua"
https://s.ek.ua/jpg/2036703.jpg,ORBEA Oiz H30 29,"105220,130134,130134,105220,105220","VeloGO.com.ua,Stylus.ua,Цифра,Lisoped.ua,Zhuk.ua"
https://s.ek.ua/jpg/2399795.jpg,Formula Blaze AM2 DD 24,"8348,8348,8095,8348,8096,8348,8348","Kvshop.com.ua,АЛЛО,Enko.com.ua,Lisoped.ua,Q-techno.com.ua,Brain.com.ua,Itbox.ua"
https://s.ek.ua/jpg/2035173.jpg,Giant XTC Jr 24,"15000,15000,18800,19443,18800,19443","Velomarket.org.ua,Velotime.com.ua,Velomarket.org.ua,Velomarket.org.ua,Velotime.com.ua,Velotime.com.ua"
https://s.ek.ua/jpg/2444540.jpg,KTM Ultra Ride 29,"55900,54825,54825,55900,55900,55900,50310","Kvshop.com.ua,Velomarket.org.ua,Velotime.com.ua,VeloGO.com.ua,Stylus.ua,Цифра,Dinastiya.com.ua"
https://s.ek.ua/jpg/2443371.jpg,KTM Ultra Fun,"47300,47300,47300,47300,42871,47300,47300","Kvshop.com.ua,Velomarket.org.ua,Velotime.com.ua,VeloGO.com.ua,Q-techno.com.ua,Brain.com.ua,Itbox.ua"
https://s.ek.ua/jpg/2058010.jpg,Fujifilm Touring Disc LTD,"61425,61425,61425,61425","Velomarket.org.ua,Velotime.com.ua,VeloGO.com.ua,Groosha.ua"
https://s.ek.ua/jpg/1959552.jpg,Giant Talon 3 27.5,"25797,25797,25797,25797","Velomarket.org.ua,Velotime.com.ua,Velomarket.org.ua,Velotime.com.ua"
https://s.ek.ua/jpg/1959186.jpg,Giant Talon 1 29,"37000,37000,37000,37000","Velomarket.org.ua,Velotime.com.ua,Velomarket.org.ua,Velotime.com.ua"
https://s.ek.ua/jpg/2246031.jpg,Leon Junior AM V-br,"11164,11164,10884,10562,11164,10384,10383","Kvshop.com.ua,Motik.com.ua,Enko.com.ua,Dinastiya.com.ua,Orbitreki.com.ua,Groosha.ua,Banka-ua.com"
https://s.ek.ua/jpg/1835776.jpg,Giant Fathom E+ 3 29 Power,"128763,128763","Velomarket.org.ua,Velotime.com.ua"
https://s.ek.ua/jpg/791010.jpg,Comanche Elit frame 50,"26379,26379","Velomarket.org.ua,Velotime.com.ua"
https://s.ek.ua/jpg/2216074.jpg,Trek Domane AL 3 Disc,"50400,50400","Velomarket.org.ua,Velotime.com.ua"
https://s.ek.ua/jpg/2434367.jpg,Author Compact,"18500,18500","Velomarket.org.ua,Velotime.com.ua"
https://s.ek.ua/jpg/2434300.jpg,Author Classic,"25000,25000","Velomarket.org.ua,Velotime.com.ua"
https://s.ek.ua/jpg/2418729.jpg,Marin Four Corners,"45560,45560,45560,45560","Stylus.ua,Цифра,Stylus.ua,Цифра"
https://s.ek.ua/jpg/431413.jpg,Corrado Fortun MTB 26,"13542,12661,12552,11804,11159,11695,11100","Kvshop.com.ua,Stylus.ua,Цифра,Tviy-Dim.com,Enko.com.ua,Q-techno.com.ua,Brain.com.ua"
https://s.ek.ua/jpg/2421030.jpg,CROSS Fast 26,"6499,8300,6580,8300,6499,8300,8300","АЛЛО,Lisoped.ua,Beskydy.com.ua,Zhuk.ua,АЛЛО,АЛЛО,АЛЛО"
https://s.ek.ua/jpg/817133.jpg,Specialized Enduro Expert Carbon 650b,428674,Click24.in.ua
https://s.ek.ua/jpg/2162601.jpg,Merida Crossway 10-V,20080,VeloGO.com.ua
https://s.ek.ua/jpg/1864883.jpg,Indiana X-Cruiser A1B 26,16480,Ebox24.biz
https://s.ek.ua/jpg/2275070.jpg,Trek X-Caliber 8 29,"60400,60400","Velomarket.org.ua,Velotime.com.ua"
https://s.ek.ua/jpg/2207743.jpg,Cannondale Trail 7 Feminine 29,"22746,22746,26760","VeloGO.com.ua,Lisoped.ua,VeloGO.com.ua"
https://s.ek.ua/jpg/2025619.jpg,Giant TCR Advanced SL Disc 1,"335965,335964","Velomarket.org.ua,Velotime.com.ua"
https://s.ek.ua/jpg/419138.jpg,Ardis Taurus MTB 20,6933,Groosha.ua
https://s.ek.ua/jpg/1098581.jpg,Crosser Sweet 26,"8313,8313","Lisoped.ua,Lisoped.ua"
https://s.ek.ua/jpg/1606622.jpg,Formula Special 26,"7488,8320,7738,7740","Dinastiya.com.ua,Beskydy.com.ua,Banka-ua.com,Groosha.ua"
https://s.ek.ua/jpg/1867377.jpg,Scott Spark 960,"98900,98900,98900,98900,98900,98900","Velomarket.org.ua,Velotime.com.ua,VeloGO.com.ua,Velomarket.org.ua,Velotime.com.ua,VeloGO.com.ua"
https://s.ek.ua/jpg/2380715.jpg,Marin Wildcat Trail WFG 2,"24760,24760,24760,24760,24760,24760","VeloGO.com.ua,Stylus.ua,Цифра,Lisoped.ua,Groosha.ua,Zhuk.ua"
https://s.ek.ua/jpg/2248830.jpg,Kinetic Vesta 27.5,"14040,14400,14040,14040,14040","VeloGO.com.ua,Lisoped.ua,Beskydy.com.ua,Groosha.ua,Zhuk.ua"
https://s.ek.ua/jpg/291548.jpg,EcoBike Urban,"105040,92347","Ebox24.biz,Click24.in.ua"
https://s.ek.ua/jpg/1872973.jpg,KTM Ultra Fun 29,"32679,36100,36100,32679,32679,32679,32679","Kvshop.com.ua,Velomarket.org.ua,Velotime.com.ua,VeloGO.com.ua,Stylus.ua,Цифра,Lisoped.ua"
https://s.ek.ua/jpg/2412897.jpg,Indiana Trekker 28,16480,Ebox24.biz
https://s.ek.ua/jpg/1875525.jpg,Cannondale Trail SL 3,"61160,61160,61160","VeloGO.com.ua,Lisoped.ua,VeloGO.com.ua"
https://s.ek.ua/jpg/1875532.jpg,Cannondale Trail SE 3,55160,VeloGO.com.ua
https://s.ek.ua/jpg/2435352.jpg,Merida Crossway 10-V,20080,VeloGO.com.ua
https://s.ek.ua/jpg/2435478.jpg,Merida Crossway 100,"29520,29520,29520,37374,29520,29520,29520","Velomarket.org.ua,VeloGO.com.ua,Velotime.com.ua,Click24.in.ua,Velomarket.org.ua,VeloGO.com.ua,VeloGO.com.ua"
https://s.ek.ua/jpg/2243965.jpg,Cyclone CGX,"73008,74880,73008,73008,73008","VeloGO.com.ua,Lisoped.ua,Beskydy.com.ua,Groosha.ua,Zhuk.ua"
https://s.ek.ua/jpg/2211379.jpg,ORBEA Carpe 40,25023,VeloGO.com.ua
https://s.ek.ua/jpg/1992330.jpg,ORBEA Carpe 15,"44198,44198,33149","Stylus.ua,Цифра,Groosha.ua"
https://s.ek.ua/jpg/2255450.jpg,Winner BMX Kench Hi-Ten 20.75,"15561,15561","Beskydy.com.ua,Zhuk.ua"
https://s.ek.ua/jpg/2212246.jpg,Cannondale Trail 7 27.5,"26760,26760","VeloGO.com.ua,Lisoped.ua"
https://s.ek.ua/jpg/2246660.jpg,Leon TN-50 AM HDD,"32760,32760,32760,32760,32760,32760,30855","Kvshop.com.ua,VeloGO.com.ua,Stylus.ua,Цифра,АЛЛО,Lisoped.ua,Enko.com.ua"
https://s.ek.ua/jpg/1829571.jpg,Giant TCR Advanced 3,"64000,64000","Velomarket.org.ua,Velotime.com.ua"
https://s.ek.ua/jpg/2447497.jpg,Kugoo T01,"51990,51990,51990,76927,51990,51990,76927","Stylus.ua,Цифра,Ecodrive.in.ua,Click24.in.ua,Stylus.ua,Цифра,Click24.in.ua"
https://s.ek.ua/jpg/2171470.jpg,Merida Silex 300,"56960,56960,56960,56960,56960,56960","Velomarket.org.ua,Velotime.com.ua,VeloGO.com.ua,Velomarket.org.ua,Velotime.com.ua,VeloGO.com.ua"
https://s.ek.ua/jpg/1979047.jpg,Bergamont Revox 2 29,"19900,19900,19900,19900","Velomarket.org.ua,Velotime.com.ua,Velomarket.org.ua,Velotime.com.ua"
https://s.ek.ua/jpg/2437547.jpg,Merida Big.Nine Limited,"47920,47920","VeloGO.com.ua,VeloGO.com.ua"
https://s.ek.ua/jpg/2164652.jpg,Merida Big.Nine 100-2x,"32440,32440","Velomarket.org.ua,Velotime.com.ua"
https://s.ek.ua/jpg/2434164.jpg,Author A-Matrix 26 D,"20080,20080","Velomarket.org.ua,Velotime.com.ua"
https://s.ek.ua/jpg/2418492.jpg,Leon XC-Lady AM DD 27.5,"18086,18086,18086,18086,18086,18086,17560","Kvshop.com.ua,VeloGO.com.ua,Stylus.ua,Цифра,АЛЛО,Lisoped.ua,Enko.com.ua"
https://s.ek.ua/jpg/2383486.jpg,Giant Talon 0 29,"45000,45000,45000","Velomarket.org.ua,Velotime.com.ua,VeloGO.com.ua"
https://s.ek.ua/jpg/2434279.jpg,Author Spirit 29,"39000,39000,42670","Velomarket.org.ua,Velotime.com.ua,Lisoped.ua"
https://s.ek.ua/jpg/2443483.jpg,KTM Chicago 292,27950,Velotime.com.ua
https://s.ek.ua/jpg/1875510.jpg,Cannondale Trail 5 29,"33200,29880","VeloGO.com.ua,Lisoped.ua"
https://s.ek.ua/jpg/2405160.jpg,Marin Team Marin 1,"59960,59960,59960,59960","VeloGO.com.ua,Stylus.ua,Lisoped.ua,Groosha.ua"
https://s.ek.ua/jpg/1959564.jpg,Giant Talon 4 29,"24000,24000","Velomarket.org.ua,Velotime.com.ua"
https://s.ek.ua/jpg/2185588.jpg,Giant Talon 3 29,"26800,26800,26800,26800,26800","Velomarket.org.ua,VeloGO.com.ua,Velotime.com.ua,Velomarket.org.ua,Velotime.com.ua"
https://s.ek.ua/jpg/1959195.jpg,Giant Talon 2 27.5,"28900,28900","Velomarket.org.ua,Velotime.com.ua"
https://s.ek.ua/jpg/759514.jpg,GHOST Tacana 5,40456,Groosha.ua
https://s.ek.ua/jpg/2412847.jpg,Goetze Style 26,13040,Ebox24.biz
https://s.ek.ua/jpg/2249524.jpg,Pride Stella 7.2,"19160,19160,19160,19160","VeloGO.com.ua,Lisoped.ua,Groosha.ua,Zhuk.ua"
https://s.ek.ua/jpg/1822379.jpg,Giant Stance 29 2,"82392,82392","Velomarket.org.ua,Velotime.com.ua"
https://s.ek.ua/jpg/2025395.jpg,Rockrider ST900 S frame M,62520,Ebox24.biz
https://s.ek.ua/jpg/432582.jpg,Felt Squealer,"31160,31160,31160","Groosha.ua,Fonarik.com,Fonarik.ua"
https://s.ek.ua/jpg/2399886.jpg,Merida Speeder 100,"30040,30040,30040","VeloGO.com.ua,VeloGO.com.ua,VeloGO.com.ua"
https://s.ek.ua/jpg/2039658.jpg,Scott Spark 960,"98900,98900,98900,98900,98900","Velomarket.org.ua,Velotime.com.ua,VeloGO.com.ua,Velomarket.org.ua,Velotime.com.ua"
https://s.ek.ua/jpg/2252771.jpg,Winner Solid DX 29,"18759,19240,18759,18759,18759,18759,19240","VeloGO.com.ua,Lisoped.ua,Beskydy.com.ua,Groosha.ua,Zhuk.ua,VeloGO.com.ua,Lisoped.ua"
https://s.ek.ua/jpg/1545433.jpg,Schwinn Sivica 7 Women,23200,Lisoped.ua
https://s.ek.ua/jpg/2178056.jpg,Merida Silex 700,"90080,90080,90080,90080,90080","Velomarket.org.ua,Velotime.com.ua,VeloGO.com.ua,Velomarket.org.ua,Velotime.com.ua"
https://s.ek.ua/jpg/1960905.jpg,Scott Scale 965,"60974,60974,60974,60974","Velomarket.org.ua,Velotime.com.ua,VeloGO.com.ua,Lisoped.ua"
https://s.ek.ua/jpg/2050670.jpg,Dorozhnik Sapphire Planetary Hub,"14323,14323","VeloGO.com.ua,VeloGO.com.ua"
https://s.ek.ua/jpg/2399826.jpg,Dorozhnik Sapphire PH 28,"13349,13349,13349,13349,13349,12637,13349","Kvshop.com.ua,VeloGO.com.ua,Stylus.ua,Цифра,АЛЛО,Enko.com.ua,Lisoped.ua"
https://s.ek.ua/jpg/744440.jpg,Graziella Salvador,41040,Lisoped.ua
https://s.ek.ua/jpg/1805511.jpg,Pride Rocx Dirt Tour,"55160,55160","VeloGO.com.ua,Lisoped.ua"
https://s.ek.ua/jpg/1992089.jpg,Bergamont Revox 6.0 29,36900,Velotime.com.ua
https://s.ek.ua/jpg/1978978.jpg,Bergamont Revox 4.0 27.5,"26505,26505,26505,26505","Velomarket.org.ua,Velotime.com.ua,Velomarket.org.ua,Velotime.com.ua"
https://s.ek.ua/jpg/1998954.jpg,Bergamont Revox 24 Boy,"14742,14742","Velomarket.org.ua,Velotime.com.ua"
https://s.ek.ua/jpg/1953716.jpg,Merida Reacto 4000,113400,VeloGO.com.ua
https://s.ek.ua/jpg/1422218.jpg,Comanche Ranger Magnum Disc 27.5 frame 17.5,"15444,15444","Velomarket.org.ua,Velotime.com.ua"
https://s.ek.ua/jpg/2260218.jpg,Romet Rambler R6.1 JR,16440,Ebox24.biz
https://s.ek.ua/jpg/2035128.jpg,Giant Propel Advanced Pro Disc 1,"227176,227175,227200","Velomarket.org.ua,Velotime.com.ua,VeloGO.com.ua"
https://s.ek.ua/jpg/2273080.jpg,Marin Presidio 1,"23560,23560,23560,23560,23560,23560","VeloGO.com.ua,Stylus.ua,Цифра,Lisoped.ua,Groosha.ua,Zhuk.ua"
https://s.ek.ua/jpg/1317286.jpg,Comanche Prairie Disc 29 frame 17.5,"18993,18993","Velomarket.org.ua,Velotime.com.ua"
https://s.ek.ua/jpg/2260237.jpg,Romet Pop Art Classic 26,"23200,18687","Ebox24.biz,Click24.in.ua"
https://s.ek.ua/jpg/431531.jpg,Comanche Pony Comp Lady frame 11,"16528,16528,14390,14390","Velomarket.org.ua,Velotime.com.ua,Velomarket.org.ua,Velotime.com.ua"
https://s.ek.ua/jpg/1877988.jpg,Comanche Ontario L frame 13,"11817,11817,11817,11817","Velomarket.org.ua,Velotime.com.ua,Velomarket.org.ua,Velotime.com.ua"
https://s.ek.ua/jpg/2184127.jpg,Trek Marlin 5 27.5,"28000,28000,28000,28000,28000,28000,28000","Velomarket.org.ua,Velotime.com.ua,Velomarket.org.ua,Velomarket.org.ua,Velomarket.org.ua,Velotime.com.ua,Velotime.com.ua"
https://s.ek.ua/jpg/2177551.jpg,Merida One-Twenty RC 300,"69680,69680","Velomarket.org.ua,Velotime.com.ua"
https://s.ek.ua/jpg/2199296.jpg,Dorozhnik Obsidian 28,"8108,7297,7297,7297","Lisoped.ua,Dinastiya.com.ua,Dinastiya.com.ua,Dinastiya.com.ua"
https://s.ek.ua/jpg/1834277.jpg,Marin Nicasio,"35960,35960,35960","VeloGO.com.ua,Lisoped.ua,Groosha.ua"
https://s.ek.ua/jpg/2057928.jpg,Fujifilm Nevada 29 1.9,"20241,20241","Velomarket.org.ua,Velotime.com.ua"
https://s.ek.ua/jpg/2057966.jpg,Fujifilm Nevada 29 1.5,"29835,29835,29835,29835","Velomarket.org.ua,Velotime.com.ua,Velomarket.org.ua,Velotime.com.ua"
https://s.ek.ua/jpg/2037323.jpg,AZIMUT Nevada 24,"6888,6888","Lisoped.ua,Lisoped.ua"
https://s.ek.ua/jpg/2177279.jpg,Formula Motion 26,10712,Orbitreki.com.ua
https://s.ek.ua/jpg/2413972.jpg,Indiana Moena S3B 26,15120,Ebox24.biz
https://s.ek.ua/jpg/2413955.jpg,Indiana Moena A7B 28,19776,Click24.in.ua
https://s.ek.ua/jpg/2271059.jpg,Trek Marlin 4 Gen 2 29,"25500,25500","Velomarket.org.ua,Velotime.com.ua"
https://s.ek.ua/jpg/2206834.jpg,TRINX M100,"12636,13973,12636,12536,12636,12636,12536","Kvshop.com.ua,Enko.com.ua,TTT.ua,Q-techno.com.ua,Brain.com.ua,Groosha.ua,Pcsmart.ua"
https://s.ek.ua/jpg/1844540.jpg,Kellys Lumi 30,"24680,15856","Ebox24.biz,Click24.in.ua"
https://s.ek.ua/jpg/1959162.jpg,Giant Liv Tempt 4 29,"23998,23998","Velomarket.org.ua,Velotime.com.ua"
https://s.ek.ua/jpg/1603865.jpg,Giant Liv Enchant 20 Lite,"11999,11999","Velomarket.org.ua,Velotime.com.ua"
https://s.ek.ua/jpg/2383663.jpg,Giant Liv Bliss 26,"20200,20200,20200,20200,20200","Velomarket.org.ua,Velotime.com.ua,VeloGO.com.ua,Velomarket.org.ua,Velotime.com.ua"
https://s.ek.ua/jpg/1821033.jpg,Mongoose Legion L20,"15377,15377","Click24.in.ua,Click24.in.ua"
https://s.ek.ua/jpg/1536278.jpg,GHOST Lanao 2,26956,Groosha.ua
https://s.ek.ua/jpg/2402295.jpg,GHOST Lanao 20,"18060,19949,19949,18060,18060,18060,18060","Kvshop.com.ua,Velomarket.org.ua,Velotime.com.ua,VeloGO.com.ua,Stylus.ua,Цифра,АЛЛО"
https://s.ek.ua/jpg/2237058.jpg,Author Impulse II 27.5,"27300,27300","Stylus.ua,Цифра"
https://s.ek.ua/jpg/2249024.jpg,Kinetic Crystal 27.5,15678,VeloGO.com.ua
https://s.ek.ua/jpg/2162528.jpg,Merida Matts J.24+,"23240,23240,28575,23240,23240,23240,23240","Velomarket.org.ua,Velotime.com.ua,Click24.in.ua,Velomarket.org.ua,Velomarket.org.ua,Velotime.com.ua,Velotime.com.ua"
https://s.ek.ua/jpg/2406097.jpg,Merida Matts 7.70,"36280,36280,34760,34760,34760,34760,34760","Velomarket.org.ua,Velotime.com.ua,VeloGO.com.ua,Velomarket.org.ua,Velomarket.org.ua,Velotime.com.ua,Velotime.com.ua"
https://s.ek.ua/jpg/2002721.jpg,Merida Matts 7.60 - 2x,"25700,25700","Velomarket.org.ua,Velotime.com.ua"
https://s.ek.ua/jpg/2397267.jpg,Trek Marlin 8 Gen 2 29,"51200,51200","Velomarket.org.ua,Velotime.com.ua"
https://s.ek.ua/jpg/2207709.jpg,Trek Marlin 6 29,"33900,33900,33900,33900,33900,33900,33900","Velomarket.org.ua,Velotime.com.ua,Velomarket.org.ua,Velomarket.org.ua,Velomarket.org.ua,Velotime.com.ua,Velotime.com.ua"
https://s.ek.ua/jpg/1317202.jpg,Centurion Hyperdrive 300,"22640,22640","Velomarket.org.ua,Velotime.com.ua"
https://s.ek.ua/jpg/2397286.jpg,GT Grade Expert,"57280,57280,57280,71600,71600","Stylus.ua,Цифра,Lisoped.ua,Groosha.ua,Zhuk.ua"
https://s.ek.ua/jpg/2397271.jpg,GT Grade Elite,"35700,35700,35700,47600,47600","Stylus.ua,Цифра,Lisoped.ua,Groosha.ua,Zhuk.ua"
https://s.ek.ua/jpg/922440.jpg,Graziella Genio Electric 7S,70110,Lisoped.ua
https://s.ek.ua/jpg/1961107.jpg,Marin Four Corners,"45560,45560,45560,45560,45560","VeloGO.com.ua,Stylus.ua,Цифра,Lisoped.ua,Groosha.ua"
https://s.ek.ua/jpg/2384160.jpg,TITAN Flatland Light,8600,АЛЛО
https://s.ek.ua/jpg/2384141.jpg,TITAN First 27.5,"13990,13990,13990,13990,12600,13990,13990","АЛЛО,Lisoped.ua,Beskydy.com.ua,Zhuk.ua,Groosha.ua,АЛЛО,Lisoped.ua"
https://s.ek.ua/jpg/2051679.jpg,Formula F-1 DD 26,11953,VeloGO.com.ua
https://s.ek.ua/jpg/2381653.jpg,Trek Dual Sport 2 Gen 4,"32200,32200,32200,32200,32200,32200","Velomarket.org.ua,Velotime.com.ua,Velomarket.org.ua,Velomarket.org.ua,Velotime.com.ua,Velotime.com.ua"
https://s.ek.ua/jpg/2163029.jpg,Merida Crossway 40,"29000,29000","Velomarket.org.ua,Velotime.com.ua"
https://s.ek.ua/jpg/2039739.jpg,Scott Contessa Active 30 29,"31605,31605","Velomarket.org.ua,Velotime.com.ua"
https://s.ek.ua/jpg/1644380.jpg,Author Charisma 66,"140600,140600","Velomarket.org.ua,Velotime.com.ua"
https://s.ek.ua/jpg/431268.jpg,Corrado Carrera MTB 26,"13986,13091,12978,12414,11736,12300,11655","Kvshop.com.ua,Stylus.ua,Цифра,Tviy-Dim.com,Enko.com.ua,Q-techno.com.ua,Brain.com.ua"
https://s.ek.ua/jpg/1992356.jpg,ORBEA Carpe 20,"29673,38991,38991,29673,29673,29673,29673","VeloGO.com.ua,Stylus.ua,Цифра,Motik.com.ua,Lisoped.ua,Groosha.ua,Zhuk.ua"
https://s.ek.ua/jpg/2183179.jpg,Marin Bobcat Trail 5 29,"43160,43160,43160,43160,43160,43160","VeloGO.com.ua,Stylus.ua,Цифра,Lisoped.ua,Groosha.ua,Zhuk.ua"
https://s.ek.ua/jpg/2183160.jpg,Marin Bobcat Trail 4 29,"30400,30400,30400,30400","VeloGO.com.ua,Lisoped.ua,Groosha.ua,Zhuk.ua"
https://s.ek.ua/jpg/2171420.jpg,Merida Big.Nine 400,"42640,42640","Velomarket.org.ua,Velotime.com.ua"
https://s.ek.ua/jpg/2406113.jpg,Merida Big.Nine 20-2x,"27440,27440,27440,27440,27440,27440,27440","Velomarket.org.ua,Velotime.com.ua,VeloGO.com.ua,Velomarket.org.ua,Velomarket.org.ua,Velomarket.org.ua,Velotime.com.ua"
https://s.ek.ua/jpg/2405155.jpg,Marin DSX 2,"51960,51960,51960,51960,51960,51960","VeloGO.com.ua,Stylus.ua,Цифра,Lisoped.ua,Groosha.ua,Zhuk.ua"
https://s.ek.ua/jpg/2243976.jpg,Cyclone Dream 24,15080,Lisoped.ua
https://s.ek.ua/jpg/2398965.jpg,Pride Donut 6.3,"32370,32370,43160,43160","VeloGO.com.ua,Lisoped.ua,Groosha.ua,Zhuk.ua"
https://s.ek.ua/jpg/828213.jpg,Kinetic Crystal 29,14118,VeloGO.com.ua
https://s.ek.ua/jpg/1971510.jpg,Merida Big.Nine 200,33000,Velotime.com.ua
https://s.ek.ua/jpg/1521801.jpg,Giant BeLiv 2 City,"39996,39996,40000","Velomarket.org.ua,Velotime.com.ua,VeloGO.com.ua"
https://s.ek.ua/jpg/2243892.jpg,Cyclone AX 29,"17745,18200,17745,17745,17745,17745,17745","VeloGO.com.ua,Lisoped.ua,Beskydy.com.ua,Groosha.ua,Zhuk.ua,VeloGO.com.ua,VeloGO.com.ua"
https://s.ek.ua/jpg/2003808.jpg,ORBEA Avant H60-D,"62443,62443,44549,44549","Stylus.ua,Цифра,Lisoped.ua,Groosha.ua"
https://s.ek.ua/jpg/2003791.jpg,ORBEA Avant H30-D,"93685,93685,66838,66838","Stylus.ua,Цифра,Lisoped.ua,Groosha.ua"
https://s.ek.ua/jpg/2399786.jpg,Formula Atlas AM2 Vbr 26,"9122,9122,9122,9122,9122,8693,8694","Kvshop.com.ua,Stylus.ua,Цифра,АЛЛО,Lisoped.ua,Enko.com.ua,Q-techno.com.ua"
https://s.ek.ua/jpg/1955042.jpg,Scott Aspect 960,"27950,27950,27950,27950","Velomarket.org.ua,Velotime.com.ua,Velomarket.org.ua,Velotime.com.ua"
https://s.ek.ua/jpg/1955054.jpg,Scott Aspect 740,"36120,31605,36120,36120,31605","Velomarket.org.ua,Velotime.com.ua,VeloGO.com.ua,Lisoped.ua,Velomarket.org.ua"
https://s.ek.ua/jpg/1539217.jpg,Comanche Areco Disc frame 14,"18693,18693,18693,18693","Velomarket.org.ua,Velotime.com.ua,Velomarket.org.ua,Velotime.com.ua"
https://s.ek.ua/jpg/2276164.jpg,EOVOLT Afternoon,"83766,83766,83766,83766,83766","Click24.in.ua,Click24.in.ua,Click24.in.ua,Click24.in.ua,Click24.in.ua"
https://s.ek.ua/jpg/1609486.jpg,SPELLI Active Girl 20,8151,Lisoped.ua
https://s.ek.ua/jpg/920908.jpg,Bottecchia 051 CTB 6S 24 Girl,"14820,15390,15390","Lisoped.ua,Lisoped.ua,Lisoped.ua"
https://s.ek.ua/jpg/2212803.jpg,Bianchi Zolder Pro,105000,VeloGO.com.ua
https://s.ek.ua/jpg/1530333.jpg,Winora Zap Men,26320,Orbitreki.com.ua
https://s.ek.ua/jpg/2453858.jpg,HIMO Z16,"25710,25581,25999","Stylus.ua,Цифра,Zhuk.ua"
https://s.ek.ua/jpg/1834178.jpg,Giant Yukon 2,"69993,69993,70000","Velomarket.org.ua,Velotime.com.ua,VeloGO.com.ua"
https://s.ek.ua/jpg/1834209.jpg,Giant Yukon 1,"97990,97990,98000","Velomarket.org.ua,Velotime.com.ua,VeloGO.com.ua"
https://s.ek.ua/jpg/2028863.jpg,Giant XTC Jr 20 Lite,"14000,14000,12665,12665,14399,12665,12665","Velomarket.org.ua,Velotime.com.ua,Velomarket.org.ua,Velomarket.org.ua,Velomarket.org.ua,Velotime.com.ua,Velotime.com.ua"
https://s.ek.ua/jpg/2412874.jpg,Indiana X-Road 1.0 M,20320,Ebox24.biz
https://s.ek.ua/jpg/2412892.jpg,Indiana X-Road 1.0 City,13720,Ebox24.biz
https://s.ek.ua/jpg/1998848.jpg,Haibike Xduro Nduro 2.0,140000,Orbitreki.com.ua
https://s.ek.ua/jpg/1878201.jpg,Haibike Xduro AllMtn 2.0,140000,Orbitreki.com.ua
https://s.ek.ua/jpg/2244743.jpg,Leon XC-80 SE,22844,VeloGO.com.ua
https://s.ek.ua/jpg/2393142.jpg,Leon XC-40 AM HDD,"36036,36036,36036,36036,36036,36036,33919","Kvshop.com.ua,VeloGO.com.ua,Stylus.ua,Цифра,АЛЛО,Lisoped.ua,Enko.com.ua"
https://s.ek.ua/jpg/2205376.jpg,TRINX X1 Pro 29,"29484,29484,30663,29484,28665,29484,29484","Kvshop.com.ua,VeloGO.com.ua,Enko.com.ua,TTT.ua,Q-techno.com.ua,Brain.com.ua,Groosha.ua"
https://s.ek.ua/jpg/2413077.jpg,Romet Wagant 8,39240,Ebox24.biz
https://s.ek.ua/jpg/2413057.jpg,Romet Wagant 7,"47320,35520","Ebox24.biz,Ebox24.biz"
https://s.ek.ua/jpg/2412946.jpg,Romet Wagant 6,34720,Ebox24.biz
https://s.ek.ua/jpg/2412964.jpg,Romet Wagant 4,30520,Ebox24.biz
https://s.ek.ua/jpg/1428538.jpg,Romet Wagant 4,"26560,30520","Ebox24.biz,Ebox24.biz"
https://s.ek.ua/jpg/2413041.jpg,Romet Wagant 3,26680,Ebox24.biz
https://s.ek.ua/jpg/1428537.jpg,Romet Wagant 3,26680,Ebox24.biz
https://s.ek.ua/jpg/2413262.jpg,Romet Wagant 2,21640,Ebox24.biz
